,title,original_language,popularity,vote_count,vote_average
0,Spider-Man: No Way Home,en,12335.96,7356,8.4
1,The Ice Age Adventures of Buck Wild,en,3937.905,440,7.3
2,Eternals,en,4114.555,4110,7.2
3,Encanto,en,3954.072,4063,7.8
4,Hotel Transylvania: Transformania,en,3141.792,1600,7.6
5,The Jack in the Box: Awakening,en,2543.336,20,5.6
6,Ghostbusters: Afterlife,en,2671.325,1874,7.7
7,American Siege,en,2402.028,21,5.0
8,The Requin,en,3630.516,29,4.4
9,Sing 2,en,2152.788,1734,8.2
10,The Matrix Resurrections,en,1966.946,2809,6.8
11,One Shot,en,2018.801,225,6.7
12,Through My Window,es,3180.33,767,8.1
13,Last Man Down,en,1922.217,216,6.5
14,Resident Evil: Welcome to Raccoon City,en,1945.676,1144,6.2
15,The 355,en,3042.843,165,6.2
16,Venom: Let There Be Carnage,en,1853.264,6215,7.1
17,Red Notice,en,1968.805,2933,6.8
18,House of Gucci,en,1594.798,859,6.6
19,Demon Slayer -Kimetsu no Yaiba- The Movie: Mugen Train,ja,1473.941,2120,8.4
20,The House,en,1292.118,295,7.1
21,Brazen,en,1294.972,189,4.8
22,Shang-Chi and the Legend of the Ten Rings,en,1291.158,5532,7.8
23,Mother/Android,en,1185.316,376,5.8
24,Dangerous,en,1108.078,133,6.6
25,Tom and Jerry: Cowboy Up!,en,1160.57,74,7.3
26,The Fallout,en,1175.192,90,7.5
27,Clifford the Big Red Dog,en,931.514,990,7.3
28,Chernobyl: Abyss,ru,862.532,292,6.3
29,Laura y el misterio del asesino inesperado,es,811.148,7,7.4
30,The Seven Deadly Sins: Cursed by Light,ja,937.835,294,8.0
31,Queen of Spades,en,844.128,25,6.4
32,Home Team,en,722.803,207,6.9
33,Antlers,en,749.13,467,6.4
34,Moonfall,en,805.422,43,6.4
35,Two,es,673.623,188,5.3
36,Mortal Kombat,en,714.42,4361,7.2
37,Survive the Game,en,672.199,92,5.8
38,Fortress,en,667.027,139,6.2
39,The Boss Baby: Family Business,en,675.987,1739,7.6
40,Free Guy,en,646.412,4863,7.7
41,Son,en,613.998,77,6.0
42,The Royal Treatment,en,599.055,280,6.8
43,Dune,en,656.149,5849,7.9
44,The Last Duel,en,593.687,1683,7.6
45,Finch,en,593.094,1942,8.1
46,Dark Spell,ru,525.477,73,6.8
47,No Time to Die,en,593.24,3400,7.5
48,Encounter,en,562.474,226,6.4
49,The Last Warrior: Root of Evil,ru,556.384,82,7.1
50,The Suicide Squad,en,561.01,5497,7.7
51,F9,en,537.323,4945,7.3
52,After We Fell,en,572.014,1463,7.2
53,Meander,fr,500.68,203,6.1
54,Sooryavanshi,hi,498.235,82,5.9
55,Luca,en,569.72,5711,8.0
56,Riverdance: The Animated Adventure,en,581.334,23,5.6
57,The Simpsons in Plusaversary,en,529.55,234,6.6
58,Paranormal Activity: Next of Kin,en,455.779,260,6.6
59,The Amazing Spider-Man,en,485.281,14420,6.7
60,Diary of a Wimpy Kid,en,498.638,162,6.7
61,Ron's Gone Wrong,en,516.462,835,8.2
62,Deathstroke: Knights & Dragons - The Movie,en,481.934,319,6.9
63,Black Widow,en,488.316,6924,7.5
64,PAW Patrol: The Movie,en,509.385,821,7.5
65,Avengers: Infinity War,en,465.274,23854,8.3
66,Time Is Up,en,476.288,204,6.3
67,Jungle Cruise,en,461.643,3907,7.6
68,Mobile Suit Gundam Hathaway,ja,463.346,74,7.9
69,Apex,en,443.093,372,5.5
70,Gone Mom: The Disappearance of Jennifer Dulos,en,415.744,90,7.9
71,Cruella,en,450.502,6517,8.2
72,Wild Indian,en,463.068,19,6.7
73,Tarumama,es,368.11,18,5.2
74,Seal Team,en,401.348,107,7.1
75,Munich: The Edge of War,en,382.702,197,6.9
76,Ida Red,en,417.488,23,6.2
77,Scream,en,472.076,451,7.2
78,Misfit #EresOTeHaces,es,382.815,132,8.1
79,The King's Man,en,470.655,465,6.8
80,The Deep House,en,390.894,485,6.5
81,Amina,en,392.812,79,6.5
82,The Whole Truth,th,365.248,101,6.5
83,Sator,en,373.982,63,5.5
84,Back to the Outback,en,409.17,289,7.8
85,Snake Eyes: G.I. Joe Origins,en,372.604,988,6.8
86,Ciao Alberto,en,380.878,379,7.6
87,Avatar,en,391.84,24852,7.5
88,Zeros and Ones,en,381.22,108,5.4
89,Godzilla vs. Kong,en,403.504,7577,7.8
90,Harry Potter 20th Anniversary: Return to Hogwarts,en,401.27,926,8.2
91,My Hero Academia: Heroes Rising,ja,409.407,865,8.4
92,The Tomorrow War,en,390.324,5050,8.0
93,The Amazing Spider-Man 2,en,395.862,10627,6.5
94,The King's Daughter,en,368.419,231,7.6
95,Infinite,en,384.467,843,6.8
96,Zack Snyder's Justice League,en,418.364,7258,8.3
97,Don't Look Up,en,370.38,4379,7.3
98,The Addams Family 2,en,360.73,750,7.2
99,Wrath of Man,en,371.654,3252,7.8
100,Last Shoot Out,en,358.043,80,6.4
101,Dragon Fury,en,360.21,31,6.3
102,Jackass Forever,en,361.473,16,7.1
103,The Conjuring: The Devil Made Me Do It,en,341.466,4145,7.7
104,Dynasty Warriors,cn,366.027,78,6.6
105,Space Jam: A New Legacy,en,374.123,2858,7.1
106,Halloween Kills,en,329.174,1517,6.8
107,Ripper Untold,en,325.806,69,6.7
108,The Unholy,en,312.331,1526,6.8
109,Miraculous World: Shanghai – The Legend of Ladydragon,fr,349.461,403,8.0
110,Crazy Fist,zh,340.362,43,7.4
111,Nightmare Alley,en,381.134,529,7.2
112,"Miraculous World: New York, United HeroeZ",fr,340.836,855,8.3
113,This Is Not a Comedy,es,256.334,36,6.0
114,The Vault,en,297.604,539,7.1
115,Spider-Man: Far From Home,en,305.92,11969,7.5
116,Sinkhole,ko,329.262,36,7.1
117,Witch Hunt,en,310.661,126,7.1
118,The Avengers,en,323.661,26307,7.7
119,Knowing,en,319.14,4203,6.1
120,Phobias,en,294.074,25,5.4
121,Chief Daddy 2: Going for Broke,en,284.187,44,6.1
122,Uncharted,en,415.541,14,8.8
123,The Harder They Fall,en,324.867,570,6.7
124,Far From the Tree,en,292.844,157,8.1
125,Ava,fr,285.785,126,6.0
126,The Croods: A New Age,en,317.943,2835,7.6
127,Spider-Man: Homecoming,en,325.095,17994,7.4
128,Vicky and Her Mystery,fr,304.127,234,7.3
129,An Egg Rescue,es,307.788,289,8.1
130,After We Collided,en,321.032,4434,7.3
131,Trolls Holiday in Harmony,en,318.971,89,7.6
132,Raya and the Last Dragon,en,321.571,4927,8.1
133,Minnal Murali,ml,277.109,171,7.3
134,7 Prisoners,pt,299.848,197,7.1
135,Separation,en,269.981,122,5.8
136,Old,en,282.692,2166,6.6
137,Motherly,en,263.731,79,7.2
138,Army of Thieves,en,293.891,1117,6.9
139,Avengers: Endgame,en,301.37,20296,8.3
140,El Paseo 6,es,259.079,5,3.5
141,El club del paro,es,232.699,11,4.9
142,Catwoman: Hunted,en,334.382,14,6.2
143,Spider-Man 3,en,292.504,11215,6.3
144,Black Water: Abyss,en,279.956,308,5.1
145,My Father's Violin,tr,263.065,103,8.2
146,Harry Potter and the Philosopher's Stone,en,292.485,22046,7.9
147,Monster Hunter,en,271.59,2393,6.9
148,Matando Cabos 2: La Máscara del Máscara,es,429.781,65,7.8
149,Zone 414,en,280.207,142,5.4
150,Monster Pets: A Hotel Transylvania Short,en,258.754,288,7.5
151,Spider-Man,en,284.015,15182,7.2
152,A Quiet Place Part II,en,260.635,3865,7.6
153,Demonic,en,241.868,103,4.9
154,El amarre,es,240.648,52,7.2
155,My Hero Academia: World Heroes' Mission,ja,308.244,56,7.2
156,Don't Breathe 2,en,260.707,1431,7.5
157,Ava,en,259.532,1892,5.7
158,Last Night in Soho,en,245.082,1214,7.5
159,Narco Sub,en,256.827,156,6.7
160,Boruto: Naruto the Movie,ja,272.672,979,7.7
161,Naruto Shippuden the Movie,ja,282.303,408,7.2
162,The Last: Naruto the Movie,ja,279.438,1125,7.9
163,Wonder Woman 1984,en,261.913,6501,6.6
164,Seobok: Project Clone,ko,261.068,104,7.5
165,Mickey and Minnie Wish Upon a Christmas,en,266.6,65,7.0
166,Sonic the Hedgehog 2,en,264.946,0,0.0
167,After,en,273.51,6918,7.2
168,Gunpowder Milkshake,en,250.34,498,6.3
169,Cuidado con lo que deseas,es,227.899,13,4.6
170,Garota da Moto,pt,247.741,5,5.5
171,Jurassic Hunt,en,230.644,172,5.0
172,Dragon Ball Z: Resurrection 'F',ja,250.113,1327,6.8
173,Never Back Down: Revolt,en,251.783,42,6.7
174,My Hero Academia: Two Heroes,ja,269.862,726,8.0
175,Mutation on Mars,zh,255.883,21,6.4
176,Demon Slayer: Kimetsu no Yaiba - Tsuzumi Mansion Arc,ja,283.617,4,5.6
177,Doctor Strange,en,243.88,18300,7.4
178,Tom & Jerry,en,247.44,1913,7.0
179,Spider-Man: Into the Spider-Verse,en,247.387,10786,8.4
180,Four to Dinner,it,231.664,145,6.2
181,American Badger,en,231.223,24,5.8
182,Cosmic Sin,en,245.281,408,4.2
183,Monster Family 2,en,231.428,22,7.7
184,The Stronghold,fr,226.391,623,7.6
185,Hacksaw Ridge,en,247.115,10530,8.2
186,"Yes, No, or Maybe Half?",ja,249.065,16,6.7
187,How I Became a Superhero,fr,238.072,341,6.2
188,Soul,en,225.219,7617,8.2
189,Swim,en,223.83,22,7.8
190,Harry Potter and the Chamber of Secrets,en,252.491,17771,7.7
191,Vanguard,zh,235.06,391,6.3
192,The Marksman,en,198.489,1097,7.0
193,Nobody Sleeps in the Woods Tonight 2,pl,211.633,133,4.0
194,Sweet Girl,en,230.657,826,6.8
195,Mamá o papá,es,211.538,83,7.4
196,Dhamaka,hi,223.932,47,7.2
197,The Twilight Saga: Eclipse,en,234.609,7324,6.2
198,Hitman's Wife's Bodyguard,en,203.277,1134,6.9
199,Anonymously Yours,es,220.423,208,8.0
200,Descendants: The Royal Wedding,en,235.476,90,7.0
201,Army of the Dead,en,225.033,2834,6.3
202,Venom,en,228.823,12851,6.9
203,Iron Man 2,en,217.798,17457,6.8
204,Harry Potter and the Goblet of Fire,en,259.818,16805,7.8
205,Redemption Day,en,226.901,191,6.3
206,Rurouni Kenshin: The Beginning,ja,231.708,241,7.8
207,Ainbo: Spirit of the Amazon,en,228.6,275,7.2
208,Girl in the Basement,en,240.403,321,8.1
209,Skipping Stones,en,195.398,3,5.3
210,The Haunting of Helena,en,191.418,117,5.6
211,The Maze Runner,en,245.138,14309,7.2
212,Ashfall,ko,211.634,354,6.6
213,Avengers: Age of Ultron,en,226.516,19310,7.3
214,Harry Potter and the Prisoner of Azkaban,en,225.156,17467,8.0
215,Hilda and the Mountain King,en,218.144,45,7.5
216,Pretty Guardian Sailor Moon Eternal The Movie Part 2,ja,211.8,96,8.1
217,The Forever Purge,en,242.003,1592,7.3
218,Thor: Ragnarok,en,207.21,17181,7.6
219,Ice Age,en,211.373,10776,7.3
220,Major Grom: Plague Doctor,ru,229.295,395,6.8
221,Nobody,en,197.906,4128,8.2
222,Plan A,en,196.019,34,6.2
223,Photocopier,id,203.345,89,7.1
224,Demon Slayer: Kimetsu no Yaiba - Asakusa Arc,ja,227.871,4,4.4
225,Outlaws,es,210.39,111,6.8
226,Carriers,en,191.829,989,6.0
227,The Protégé,en,209.069,486,6.7
228,More the Merrier,es,205.78,231,6.7
229,Dead Heat,en,204.481,124,6.1
230,Coco,en,211.851,15220,8.2
231,Harry Potter and the Order of the Phoenix,en,224.876,15956,7.7
232,The Medium - Menotti,en,148.357,1,2.0
233,"The Simpsons: The Good, the Bart, and the Loki",en,217.247,494,7.6
234,The SpongeBob Movie: Sponge on the Run,en,227.776,2413,7.6
235,The Hobbit: The Battle of the Five Armies,en,193.093,11696,7.3
236,Harry Potter and the Half-Blood Prince,en,215.831,15731,7.7
237,Spirit Untamed,en,215.131,335,7.6
238,Home Sweet Home Alone,en,203.871,355,5.2
239,SAS: Red Notice,en,207.058,328,5.9
240,Undisputed III: Redemption,en,217.456,595,7.5
241,Bordertown: The Mural Murders,fi,198.583,41,7.0
242,Harry Potter and the Deathly Hallows: Part 2,en,226.356,16834,8.1
243,Fast & Furious 10,en,184.438,0,0.0
244,Marry Me,en,310.969,3,6.7
245,Sing,en,202.789,6581,7.1
246,Roald Dahl's The Witches,en,184.801,2064,6.5
247,Straight Outta Nowhere: Scooby-Doo! Meets Courage the Cowardly Dog,en,198.629,265,8.2
248,The Batman,en,218.447,0,0.0
249,The Exorcism of Carmen Farias,es,165.698,81,6.2
250,Awake,en,177.09,772,6.0
251,Tom Clancy's Without Remorse,en,186.961,1808,7.1
252,Solitary,en,184.349,63,5.8
253,Spider-Man: Snow Day,en,190.26,2,6.0
254,Peninsula,ko,209.181,1802,6.9
255,Train to Busan,ko,193.73,5421,7.8
256,Chaos Walking,en,179.575,1574,6.8
257,Grudge,tr,170.229,39,6.4
258,"Monsters, Inc.",en,209.748,15137,7.8
259,King Richard,en,284.883,628,8.1
260,Frozen II,en,178.981,7981,7.3
261,The Unforgivable,en,170.67,1115,7.6
262,KonoSuba: God's Blessing on this Wonderful World! Legend of Crimson,ja,183.581,351,8.4
263,2012,en,181.055,10215,5.8
264,Rogue Hostage,en,176.427,115,6.1
265,Real Steel,en,185.492,6506,6.9
266,The Last Mercenary,fr,197.568,454,6.8
267,Harry Potter and the Deathly Hallows: Part 1,en,216.176,15634,7.8
268,The Town,en,193.667,3916,7.2
269,LOL Surprise: The Movie,en,209.998,73,6.9
270,World War Z,en,195.135,12748,6.8
271,The Trip,no,184.923,252,6.8
272,Teenage Mutant Ninja Turtles,en,175.087,5733,5.9
273,Demon Slayer: Kimetsu no Yaiba Sibling's Bond,ja,203.8,24,9.4
274,It Chapter Two,en,189.818,6672,6.9
275,The Hitman's Bodyguard,en,178.757,4919,6.9
276,Fast & Furious Presents: Hobbs & Shaw,en,168.572,5593,6.9
277,The Conjuring,en,172.27,9077,7.5
278,Evangelion: 3.0+1.0 Thrice Upon a Time,ja,201.756,449,8.5
279,Fifty Shades of Grey,en,187.734,10034,5.9
280,Captain America: Civil War,en,198.173,19332,7.4
281,Mulan,en,177.99,5462,7.0
282,Malignant,en,159.064,1265,7.0
283,Jiu Jitsu,en,174.751,463,5.0
284,Pokémon: Mewtwo Strikes Back - Evolution,ja,182.42,358,6.7
285,Catch the Bullet,en,176.593,78,5.7
286,Deadpool,en,209.885,26246,7.6
287,Hancock,en,177.413,7876,6.3
288,Jolt,en,186.609,860,6.8
289,Sonic the Hedgehog,en,203.539,7480,7.4
290,The Many Saints of Newark,en,159.544,320,6.7
291,Toy Story,en,213.685,15009,8.0
292,The Tender Bar,en,163.927,218,6.7
293,Legion,en,178.293,2003,5.8
294,Death on the Nile,en,277.914,4,4.5
295,"Barbie: Big City, Big Dreams",en,182.456,99,7.3
296,Spiral: From the Book of Saw,en,168.584,1093,6.2
297,Crank: High Voltage,en,174.427,2178,6.0
298,Injustice,en,180.824,468,7.8
299,Why Women Cheat,en,191.023,2,4.5
300,Masquerade,en,163.732,55,6.4
301,The Jack in the Box,en,154.91,128,5.6
302,Venom 3,en,163.622,0,0.0
303,Thor,en,173.039,17745,6.8
304,Rascal Does Not Dream of a Dreaming Girl,ja,177.892,346,8.4
305,Percy Jackson & the Olympians: The Lightning Thief,en,189.639,6168,6.2
306,The Lion King,en,188.454,14944,8.3
307,Shrek,en,188.803,13461,7.7
308,Once Upon a Snowman,en,168.724,410,6.9
309,Fear Street: 1994,en,161.198,1396,6.8
310,The Power of the Dog,en,184.184,987,6.7
311,Teen Titans Go! See Space Jam,en,155.877,163,6.9
312,Mortal Kombat Legends: Battle of the Realms,en,157.659,226,8.0
313,Spoiled Brats,fr,150.643,236,6.3
314,A Taste of Hunger,da,162.202,17,5.7
315,Inception,en,156.54,30892,8.4
316,PAW Patrol: Jet To The Rescue,en,188.113,124,7.0
317,My Little Pony: A New Generation,en,166.655,180,8.1
318,Pirates of the Caribbean: On Stranger Tides,en,187.755,11625,6.5
319,The Hangover,en,173.642,14153,7.3
320,The Conjuring 2,en,144.045,6588,7.3
321,Ted 2,en,163.169,6027,6.3
322,13 Hours: The Secret Soldiers of Benghazi,en,162.312,2684,7.2
323,The Karate Kid,en,158.257,4806,6.5
324,Peter Rabbit 2: The Runaway,en,156.368,503,7.3
325,Dragon Ball Super: Super Hero,ja,166.321,0,0.0
326,Ray Donovan: The Movie,en,138.47,65,6.8
327,Fear Street: 1978,en,138.366,1136,7.3
328,Come Play With Me,es,137.504,143,7.1
329,Next-Door Nightmare,en,139.647,4,6.5
330,Abraham Lincoln: Vampire Hunter,en,155.564,2701,5.7
331,Your Name.,ja,167.318,8328,8.5
332,David and the Elves,pl,151.26,61,6.3
333,Pokémon the Movie: Secrets of the Jungle,ja,157.438,77,7.2
334,Journey 2: The Mysterious Island,en,156.549,3416,6.1
335,Wish Dragon,en,166.082,760,8.2
336,Kate,en,151.862,932,6.7
337,Legend,en,150.794,2788,6.9
338,Framed by My Husband,en,146.287,6,5.5
339,Sweet & Sour,ko,167.573,75,7.9
340,The Misfits,en,155.317,208,5.5
341,Iron Man 3,en,150.24,19023,6.9
342,No One Gets Out Alive,en,153.088,315,6.0
343,Sex and the City,en,155.193,1747,6.6
344,The Wolf of Wall Street,en,162.76,19174,8.0
345,A Forbidden Orange,es,140.408,3,4.7
346,Beckett,en,152.06,455,6.4
347,Ice Age: Dawn of the Dinosaurs,en,165.36,6718,6.7
348,Snoopy Presents: For Auld Lang Syne,en,157.325,54,7.4
349,In for a Murder,pl,134.651,50,5.6
350,Caged,en,135.788,47,6.3
351,Still Out of My League,it,147.084,117,6.8
352,Shrek 2,en,167.135,9627,7.2
353,Given,ja,144.983,292,8.5
354,Predators,en,165.173,3074,6.2
355,Boyka: Undisputed IV,en,166.474,961,7.0
356,22 vs. Earth,en,139.184,254,7.1
357,Big Hero 6,en,176.246,13362,7.8
358,Naruto Shippuden the Movie: Road to Ninja,ja,151.545,635,7.6
359,Dragon Ball Z: Broly – Second Coming,ja,149.956,498,6.7
360,Toy Story 4,en,160.457,7728,7.6
361,Goblin Slayer: Goblin's Crown,ja,146.41,151,7.7
362,Dragon Ball Z: Broly – The Legendary Super Saiyan,ja,159.099,631,7.2
363,Skylines,en,137.261,404,5.6
364,The Loud House Movie,en,145.057,102,8.0
365,Je te veux moi non plus,fr,122.239,120,5.7
366,Cirque du Freak: The Vampire's Assistant,en,139.14,861,5.7
367,Voyagers,en,130.197,434,6.2
368,Pokémon Detective Pikachu,en,155.97,5417,7.0
369,Christmas ...Again?!,en,147.884,53,7.1
370,Wrong Turn,en,142.29,662,6.1
371,Feels Like Euphoria,en,168.847,4,4.0
372,Project X,en,171.327,4992,6.8
373,After Porn Ends 2,en,145.673,191,5.5
374,Coraline,en,150.065,5528,7.8
375,Ninja Assassin,en,145.699,1103,6.5
376,The Fate of the Furious,en,133.093,8740,6.9
377,Toy Story 2,en,163.325,11291,7.6
378,San Andreas,en,152.961,7021,6.2
379,The Lord of the Rings: The Fellowship of the Ring,en,155.293,20457,8.4
380,Fury,en,159.086,9675,7.5
381,Interstellar,en,142.923,27762,8.4
382,John and the Hole,en,136.317,26,6.2
383,Nightbooks,en,125.473,222,6.5
384,Shaun the Sheep: The Flight Before Christmas,en,129.931,45,7.1
385,Battle: Los Angeles,en,130.296,2798,5.7
386,The Courier,en,132.169,587,7.1
387,Rurouni Kenshin: The Final,ja,142.022,292,7.9
388,Vivo,en,153.703,480,7.7
389,Honest Thief,en,132.741,1214,6.5
390,Joker,en,136.518,19803,8.2
391,El mesero,es,137.007,306,8.1
392,Iron Man,en,142.566,22179,7.6
393,Fifty Shades Freed,en,147.348,6721,6.7
394,Charlie and the Chocolate Factory,en,146.657,12216,7.0
395,"Sex, Shame and Tears 2",es,217.83,1,4.0
396,Body Brokers,en,128.756,54,6.6
397,Love & Other Drugs,en,125.322,4088,7.0
398,Dragon Ball Z: Battle of Gods,ja,145.198,1177,6.8
399,Ice Age: The Meltdown,en,140.692,8091,6.7
400,"Sex, Shame & Tears",es,211.724,76,6.8
401,The Kissing Booth 3,en,139.408,1335,7.2
402,Taken 3,en,122.323,4755,6.2
403,Three Steps Above Heaven,es,134.617,2367,7.8
404,Rumble,en,143.415,151,7.1
405,Hotel Transylvania 3: Summer Vacation,en,130.485,3508,6.9
406,Turning Red,en,161.211,0,0.0
407,The Lord of the Rings: The Return of the King,en,137.589,19033,8.5
408,Please Enlighten Me,zh,131.807,1,2.0
409,Lulli,pt,137.585,126,6.0
410,Thor: The Dark World,en,146.767,14469,6.6
411,He's All That,en,148.284,841,6.8
412,The Penitent Thief,en,130.25,4,4.8
413,Ice Age: Collision Course,en,136.77,3656,6.0
414,A Silent Voice: The Movie,ja,137.207,2779,8.4
415,Trigger Point,en,126.994,97,6.4
416,Twilight,en,139.666,11269,6.3
417,Deadpool 2,en,141.266,14282,7.5
418,How I Fell in Love with a Gangster,pl,124.584,73,6.8
419,Pacific Rim,en,150.432,10312,6.8
420,The 8th Night,ko,128.021,63,6.2
421,Weathering with You,ja,132.449,1335,8.1
422,The Twilight Saga: Breaking Dawn - Part 2,en,143.166,7495,6.5
423,Escape Room: Tournament of Champions,en,122.453,955,6.8
424,The Last Airbender,en,137.766,3190,4.7
425,The Hobbit: An Unexpected Journey,en,136.764,15633,7.3
426,The Lord of the Rings: The Two Towers,en,136.42,17686,8.4
427,Naruto Shippuden the Movie: Blood Prison,ja,148.467,334,7.3
428,The Proposal,en,135.56,5265,7.1
429,Whispering Corridors 6: The Humming,ko,139.211,16,7.6
430,Extinct,en,125.722,77,6.5
431,Host,en,121.053,486,6.6
432,The Meg,en,112.014,5687,6.2
433,Fatherhood,en,131.024,954,7.6
434,The Legend of Tarzan,en,122.597,5421,5.9
435,Megalodon,en,108.107,201,5.6
436,Bartkowiak,pl,137.12,121,6.3
437,American Pie Presents: The Book of Love,en,133.573,1425,5.3
438,John Carter,en,130.571,4598,6.2
439,Titanic,en,142.792,20523,7.9
440,Night in Paradise,ko,130.047,164,7.0
441,Cinderella,en,146.213,5521,7.0
442,Outside the Wire,en,138.47,1399,6.4
443,Pokémon the Movie: I Choose You!,ja,128.232,492,7.0
444,Ratatouille,en,137.991,13554,7.8
445,Grown Ups,en,129.44,4791,6.3
446,Ice Age: Continental Drift,en,142.334,6268,6.3
447,The Ice Road,en,192.806,989,7.2
448,Space Sweepers,ko,118.624,727,7.2
449,Public Enemies,en,133.192,3562,6.7
450,Porn to Be Free,it,134.526,66,5.5
451,Hypnotic,en,116.951,364,6.1
452,Frozen,en,148.321,13944,7.3
453,Untitled Peaky Blinders Film,en,146.664,0,0.0
454,The Hobbit: The Desolation of Smaug,en,125.749,10743,7.6
455,What the Peeper Saw,it,111.607,18,5.7
456,Jackass 3D,en,118.532,1042,6.6
457,The Hangover Part II,en,131.67,8696,6.4
458,Koati,en,125.199,44,7.6
459,The Little Mermaid,en,139.302,6297,7.4
460,Black Panther,en,130.154,18604,7.4
461,The Expendables,en,118.635,6347,6.2
462,Fantastic Beasts and Where to Find Them,en,116.032,16100,7.3
463,Dragon Ball Z: Bio-Broly,ja,127.611,393,5.8
464,The Island of Giant Insects,ja,131.715,14,4.5
465,The Parent Trap,en,131.197,3171,7.1
466,Tenet,en,129.948,6713,7.2
467,Me Before You,en,134.284,9777,7.9
468,X-Men: Apocalypse,en,127.142,11047,6.5
469,The Texas Chainsaw Massacre,en,132.553,1972,6.2
470,The Lion King,en,134.612,8226,7.1
471,John Wick: Chapter 3 - Parabellum,en,124.124,7643,7.4
472,Terminator Salvation,en,125.679,5248,6.0
473,Mulan,en,147.007,7834,7.9
474,The Nun,en,116.161,5059,5.8
475,Zack and Miri Make a Porno,en,118.638,1812,6.3
476,Transformers: Age of Extinction,en,126.123,6545,5.9
477,Law Abiding Citizen,en,129.768,3891,7.3
478,Ready Player One,en,112.797,12524,7.6
479,Furious 7,en,115.548,8926,7.3
480,Prometheus,en,119.958,10017,6.5
481,Doctor Strange in the Multiverse of Madness,en,117.714,0,0.0
482,Scooby-Doo,en,133.484,3447,6.0
483,Call Me by Your Name,en,136.127,9916,8.2
484,There's Someone Inside Your House,en,105.046,347,5.6
485,Rampage,en,105.979,5705,6.5
486,The Lost Daughter,en,137.04,326,6.6
487,The King of Fighters,en,126.645,103,4.9
488,Captain America: The First Avenger,en,119.588,18123,7.0
489,Spirit: Stallion of the Cimarron,en,123.252,3710,7.7
490,Parallel Mothers,es,135.422,289,6.8
491,Annette,en,123.895,371,7.0
492,The Flu,ko,120.042,930,7.5
493,Boiling Point,en,119.706,58,7.2
494,Euphoria,en,145.261,91,6.5
495,John Wick: Chapter 2,en,122.516,9899,7.3
496,Jujutsu Kaisen 0,ja,134.275,10,7.6
497,Jurassic World: Fallen Kingdom,en,123.652,9556,6.6
498,G.I. Joe: The Rise of Cobra,en,116.583,3819,5.8
499,La Llorona,es,114.328,237,6.5
500,The Twilight Saga: Breaking Dawn - Part 1,en,127.725,7383,6.2
501,Swan Song,en,115.495,202,7.4
502,Rock Dog 2: Rock Around the Park,en,118.753,61,7.2
503,Jurassic World,en,111.748,17644,6.7
504,August Never Ends,zh,118.433,1,2.0
505,Dragon Ball GT: A Hero's Legacy,ja,113.526,225,6.7
506,Scream,en,119.206,4844,7.3
507,Dreamcatcher,en,107.983,80,6.2
508,Psycho-Pass 3: First Inspector,ja,121.1,53,7.7
509,Grumpy Christmas,es,103.853,52,7.5
510,Yu-Gi-Oh!: The Dark Side of Dimensions,ja,117.165,257,7.5
511,Monkey King: Hero Is Back,zh,119.894,165,7.1
512,The Pilgrim's Progress,en,115.666,59,7.9
513,No Manches Frida 2,es,112.368,670,8.1
514,Central Intelligence,en,85.036,4738,6.4
515,Trollhunters: Rise of the Titans,en,114.665,223,7.9
516,Night Teeth,en,115.632,462,6.6
517,Just Go with It,en,114.31,4562,6.6
518,Tangled,en,119.484,9159,7.6
519,Birds of Prey (and the Fantabulous Emancipation of One Harley Quinn),en,120.333,8514,7.0
520,A Boy Called Christmas,en,107.147,412,7.6
521,The Funeral Home,es,101.483,19,4.4
522,Attack on Titan,ja,121.061,540,5.9
523,Scream 4,en,102.292,2539,6.4
524,The Virtuoso,en,113.797,219,6.3
525,Aquaslash,en,105.198,97,4.1
526,Southpaw,en,118.605,4618,7.4
527,Ted,en,116.946,10369,6.4
528,Baywatch,en,113.225,6807,6.1
529,The Scientist,en,99.787,94,6.4
530,Willy's Wonderland,en,116.723,448,6.4
531,Need for Speed,en,106.622,3503,6.3
532,Escape the Undertaker,en,103.363,38,5.5
533,The Dark Knight Rises,en,113.375,18988,7.8
534,Sentinelle,fr,105.584,470,5.9
535,The Simpsons Movie,en,123.12,6595,7.0
536,Grown Ups 2,en,117.887,3326,6.1
537,Vanquish,en,101.478,183,5.8
538,Pirates of the Caribbean: The Curse of the Black Pearl,en,125.165,16985,7.8
539,Millonario sin amor,es,104.986,57,8.0
540,Below Zero,es,116.936,696,6.4
541,Sex with Love,es,128.099,176,6.5
542,From Straight A's to XXX,en,124.049,83,5.7
543,Jonah Hex,en,100.802,1132,4.9
544,Universal Soldier: Regeneration,en,110.551,328,5.6
545,Cars 3,en,112.551,4369,6.8
546,Fifty Shades Darker,en,114.26,6579,6.5
547,El refugio,es,97.727,44,6.3
548,Werewolves Within,en,109.029,247,6.2
549,Dawn of the Planet of the Apes,en,127.236,9279,7.3
550,Orphan,en,105.262,3952,6.9
551,Bad Trip,en,111.887,342,6.1
552,Terminator Genisys,en,120.86,7052,5.9
553,Dragon Ball Z: Cooler's Revenge,ja,110.321,457,6.9
554,Chappie,en,116.439,6688,6.8
555,In Time,en,102.96,9282,6.9
556,We Are Nothing,es,109.938,0,0.0
557,Maleficent: Mistress of Evil,en,108.92,4915,7.4
558,Special Forces,fr,116.465,414,6.7
559,Inglourious Basterds,en,117.956,18198,8.2
560,The Texas Chainsaw Massacre: The Beginning,en,107.951,1309,6.1
561,Mickey's Tale of Two Witches,tr,112.115,76,7.2
562,Untitled 'The Walking Dead' Film,en,108.921,0,0.0
563,Toy Story 3,en,125.872,12177,7.8
564,LEGO Star Wars Terrifying Tales,en,108.285,146,6.7
565,Finding Nemo,en,122.537,15980,7.8
566,Jackie Chan Kung Fu Master,zh,110.453,46,4.4
567,The Shack,en,111.303,1627,7.4
568,Captain Marvel,en,128.797,12627,6.9
569,Ponyo,ja,110.721,3099,7.7
570,Clash of the Titans,en,123.711,5178,5.8
571,We Can Be Heroes,en,112.182,569,6.3
572,The Incredibles,en,112.353,14826,7.7
573,We Bare Bears: The Movie,en,115.71,705,7.9
574,Angels & Demons,en,112.619,5651,6.7
575,The Exorcist,en,95.63,6103,7.7
576,The Hangover Part III,en,107.631,7206,6.2
577,Jumanji: The Next Level,en,114.448,6668,7.0
578,Dinosaur Hotel,en,105.371,49,5.3
579,Spencer,en,167.438,478,7.2
580,Maze Runner: The Death Cure,en,120.101,6245,7.1
581,Sex Tape,en,104.232,3567,5.4
582,A Nun's Curse,en,98.058,68,6.2
583,Dragon Ball Z: The World's Strongest,ja,108.624,356,6.4
584,Nobody Sleeps in the Woods Tonight,pl,101.528,418,5.0
585,Halo Legends,en,94.104,100,7.3
586,Guardians of the Galaxy Vol. 2,en,121.028,17844,7.6
587,Hotel Transylvania,en,103.717,7178,7.0
588,Tentacles,en,103.18,88,6.3
589,Fantastic Beasts: The Secrets of Dumbledore,en,105.068,0,0.0
590,Thunder Force,en,86.962,899,5.7
591,Candyman,en,117.348,765,6.2
592,Wrath of the Titans,en,102.572,3464,5.7
593,Parasite,ko,116.125,13088,8.5
594,Cell 211,es,113.237,938,7.5
595,Man of Steel,en,110.328,12847,6.6
596,Snow White and the Seven Dwarfs,en,103.858,6035,7.1
597,Long Story Short,en,87.695,92,7.0
598,Pirates of the Caribbean: At World's End,en,120.287,11692,7.2
599,Dragon Ball Z: Super Android 13!,ja,99.817,370,6.7
600,American Sniper,en,104.611,10860,7.4
601,The French Dispatch,en,108.02,1119,7.3
602,The Matrix,en,111.871,21017,8.2
603,Corpse Bride,en,104.365,6943,7.5
604,Deadpool 3,en,108.187,0,0.0
605,Cinderella,en,101.734,1013,6.6
606,Safer at Home,en,94.913,100,5.6
607,TEKKEN,en,99.078,534,5.4
608,17 Again,en,107.92,4224,6.3
609,Pirates of the Caribbean: Dead Man's Chest,en,118.382,13045,7.3
610,Annabelle Comes Home,en,99.343,2638,6.4
611,Wrong Turn 3: Left for Dead,en,113.531,807,5.6
612,Scary Movie,en,102.992,5321,6.3
613,Kingsman: The Golden Circle,en,115.339,8341,7.0
614,Zootopia,en,106.43,13654,7.7
615,Peçanha Contra o Animal,pt,96.893,27,5.7
616,District 9,en,100.625,7658,7.4
617,Naruto Shippuden the Movie: The Lost Tower,ja,106.37,280,7.0
618,The Hunger Games: Mockingjay - Part 1,en,123.922,13304,6.8
619,The Marco Effect,da,99.59,22,6.4
620,Bloodthirsty,en,98.355,23,5.9
621,Fear Street: 1666,en,96.431,1018,7.3
622,Incredibles 2,en,100.34,10689,7.5
623,Cars 2,en,102.179,6051,6.0
624,Jurassic World Dominion,en,86.477,0,0.0
625,Maze Runner: The Scorch Trials,en,122.869,8687,6.7
626,Kingsman: The Secret Service,en,112.267,13988,7.6
627,Confessions of an Invisible Girl,pt,90.625,139,7.0
628,Machine Gun Preacher,en,106.541,785,6.7
629,"tick, tick… BOOM!",en,153.633,945,7.9
630,Bad Boys for Life,en,116.673,6842,7.2
631,Butchers,en,92.042,135,5.0
632,Apocalypto,en,92.183,4245,7.5
633,The First Purge,en,90.383,3246,6.0
634,No Strings Attached,en,105.915,3926,6.3
635,Lucas,es,99.929,14,5.9
636,Dragon Ball Z: The Tree of Might,ja,97.657,403,6.5
637,Bound by Honor,en,90.382,864,8.1
638,Let's Be Cops,en,106.225,2279,6.4
639,The Twilight Saga: New Moon,en,108.513,7701,6.0
640,Mad Max: Fury Road,en,101.252,18978,7.5
641,Star Wars: The Rise of Skywalker,en,88.318,7501,6.5
642,Dragon Ball Z: Bojack Unbound,ja,93.58,398,7.0
643,Breathless,es,97.737,32,5.9
644,The Intouchables,fr,117.062,14301,8.3
645,The Grey,en,88.944,3139,6.6
646,A un paso de mí,es,98.494,47,6.9
647,Black Island,de,85.835,125,6.1
648,The Medium,th,79.354,233,7.1
649,Ride Your Wave,ja,108.277,183,7.5
650,Wrong Turn 2: Dead End,en,106.494,974,6.0
651,Crisis,en,85.29,178,6.5
652,Dear Evan Hansen,en,103.798,130,6.5
653,Batman: Death in the Family,en,103.246,303,7.2
654,New Gods: Nezha Reborn,zh,102.249,250,8.4
655,Unknown,en,110.615,3117,6.7
656,Sucker Punch,en,96.411,3869,6.1
657,Garfield,en,102.695,3091,5.6
658,The Good Dinosaur,en,100.669,4519,6.7
659,Stand by Me Doraemon,ja,91.792,333,7.3
660,Salt,en,93.778,4494,6.4
661,Pixels,en,107.065,6319,5.7
662,Benny Loves You,en,85.579,114,6.3
663,Insensate,pt,87.485,61,6.9
664,Wreck-It Ralph,en,117.506,10415,7.3
665,Sexo,en,119.171,13,5.2
666,Blitz,en,94.507,1251,6.1
667,Hotel Transylvania 2,en,100.494,4703,6.8
668,Tokyo Ghoul,ja,94.992,287,7.0
669,Fantastic Beasts: The Crimes of Grindelwald,en,93.857,8760,6.9
670,Alien: Covenant,en,103.401,6922,6.0
671,Those Who Wish Me Dead,en,99.398,1057,6.8
672,Alone,en,88.716,398,6.2
673,Aquaman,en,97.141,11404,6.9
674,Street Gang: How We Got to Sesame Street,en,122.253,11,7.5
675,Logan,en,96.01,16473,7.8
676,Fall in Love at First Kiss,zh,104.385,74,6.7
677,Fear of Rain,en,96.19,337,7.2
678,Upside-Down Magic,en,85.4,188,7.4
679,Penguins of Madagascar,en,98.172,3358,6.5
680,Red Shoes and the Seven Dwarfs,en,102.626,832,7.8
681,Warrior,en,105.257,3571,7.8
682,The Seventh Day,en,89.894,162,5.6
683,The Corpse of Anna Fritz,es,80.334,441,7.0
684,Skyline,en,89.012,1268,4.9
685,Rio,en,93.962,5399,6.7
686,Your Name,en,100.506,0,0.0
687,Batman v Superman: Dawn of Justice,en,102.842,15504,5.9
688,Aladdin,en,98.891,8357,7.1
689,Taken 2,en,92.226,5524,6.3
690,Chronicle,en,94.659,4250,6.8
691,Twist,en,86.75,129,6.1
692,Cherry,en,105.698,882,7.5
693,Kung Fu Panda,en,93.738,9074,7.2
694,The Flash,en,95.435,0,0.0
695,Pirates of the Caribbean: Dead Men Tell No Tales,en,104.573,9885,6.6
696,The Book of Life,en,84.31,2105,7.5
697,Prince of Persia: The Sands of Time,en,100.555,5670,6.2
698,Inside Out,en,102.726,17462,7.9
699,Vacation Friends,en,83.412,401,7.2
700,Transformers: The Last Knight,en,104.236,4841,6.0
701,Pinocchio,en,91.711,4727,7.1
702,Odd Thomas,en,84.509,965,6.9
703,Conan the Barbarian,en,93.002,1486,5.3
704,Despicable Me 2,en,109.135,9564,6.9
705,Shazam!,en,90.385,7276,7.1
706,Assassins,en,90.987,6,7.3
707,Saint Seiya Heaven Chapter: Overture,ja,93.949,189,7.7
708,Bad Lieutenant: Port of Call - New Orleans,en,86.39,840,6.1
709,Europa Report,en,81.41,1067,6.3
710,Barbie & Chelsea: The Lost Birthday,en,95.779,69,7.4
711,The Experiment,en,97.281,954,6.4
712,Superbad,en,97.316,5585,7.2
713,The Purge: Election Year,en,97.818,4387,6.4
714,Dragon Ball Z: The Return of Cooler,ja,85.36,403,6.6
715,Godmothered,en,92.338,463,6.9
716,La Casa,es,86.553,73,6.5
717,The Lion King II: Simba's Pride,en,101.328,3662,7.0
718,Green Lantern,en,95.057,6046,5.2
719,Kabaneri of the Iron Fortress: The Battle of Unato,ja,94.515,40,7.1
720,Dragon Ball Z: The Real 4-D at Super Tenkaichi Budokai,ja,87.446,13,6.8
721,Robin Robin,en,84.042,59,7.3
722,White Snake,zh,83.532,272,7.8
723,The Tax Collector,en,98.274,341,5.7
724,Undercover Wedding Crashers,es,80.999,31,6.0
725,Beauty and the Beast,en,111.882,8209,7.7
726,Porno,pt,108.577,45,4.3
727,Tú eres mi problema,es,86.382,39,7.4
728,I'm Not Ashamed,en,88.213,195,7.5
729,Star Wars: The Force Awakens,en,96.985,16669,7.3
730,Dragon Ball Super: Broly,ja,89.436,2172,7.8
731,Dinosaur,en,106.466,1950,6.5
732,Halo: Nightfall,en,78.914,102,7.0
733,Instructions for Su,es,76.467,76,7.9
734,Shrek the Third,en,106.874,7163,6.3
735,Up,en,108.368,16771,7.9
736,Breach,en,89.88,481,4.4
737,The Kissing Booth,en,99.51,6390,7.3
738,Fairy Tail: Dragon Cry,ja,91.754,349,6.6
739,Star Wars: The Last Jedi,en,91.003,12713,6.9
740,Despicable Me,en,100.029,12857,7.2
741,Cadaver,no,78.053,444,5.6
742,Insidious,en,89.662,5334,6.9
743,Dead Like Me: Life After Death,en,92.742,158,6.2
744,Cheese in the Trap,ko,92.728,51,6.7
745,Dragon Ball Z: Wrath of the Dragon,ja,93.637,487,7.2
746,Blended,en,86.289,2706,6.8
747,Madagascar,en,101.978,8883,6.9
748,The Predator,en,98.032,3642,5.6
749,Altered Carbon: Resleeved,ja,99.887,199,6.5
750,Zombieland,en,100.558,10125,7.3
751,"The Chronicles of Narnia: The Lion, the Witch and the Wardrobe",en,111.984,8396,7.1
752,Brothers by Blood,en,91.122,101,5.9
753,No Manches Frida,es,94.772,615,7.8
754,Ghost Rider: Spirit of Vengeance,en,94.057,3025,5.0
755,Justice Society: World War II,en,92.832,370,7.7
756,Scary Movie 5,en,89.462,2253,4.8
757,Ant-Man,en,97.132,16689,7.1
758,Stay Out of the Attic,en,78.266,50,5.9
759,Away,en,83.003,54,6.4
760,1000 Miles From Christmas,es,92.132,61,6.3
761,Ghostbusters,en,84.386,5358,5.4
762,The Warrior's Way,en,80.422,428,6.6
763,Morbius,en,87.58,0,0.0
764,Pacific Rim: Uprising,en,92.376,3885,6.1
765,White Chicks,en,86.358,2820,6.9
766,Hansel & Gretel: Witch Hunters,en,88.859,5774,6.0
767,22 Bullets,fr,83.101,941,6.6
768,Underworld: Awakening,en,92.944,3409,6.3
769,Sanctum,en,91.835,796,5.9
770,The Match,en,86.898,16,6.0
771,Lolita,en,114.331,1234,7.1
772,Monsters University,en,97.074,8834,7.0
773,Ant-Man and the Wasp,en,87.077,10777,7.0
774,Descarrilados,es,74.944,26,5.1
775,La Cantera,es,85.554,1,2.0
776,Five Feet Apart,en,89.748,4632,8.3
777,Knock Knock,en,107.73,2413,5.3
778,Saint Seiya: Legend of Sanctuary,ja,90.726,517,6.4
779,Secret Society of Second Born Royals,en,90.204,417,6.8
780,12 Rounds,en,81.978,589,5.9
781,Pain & Gain,en,88.9,3631,6.2
782,The Day Naruto Became Hokage,ja,98.693,172,7.6
783,Jack Reacher,en,90.431,5607,6.5
784,Paul,en,85.124,4628,6.7
785,The Larva Island Movie,en,92.941,139,7.4
786,X-Men: Days of Future Past,en,94.342,13111,7.5
787,100% Wolf,en,91.649,216,5.9
788,A Whisker Away,ja,86.634,933,8.0
789,The Dinosaur Project,en,76.105,199,5.4
790,Maleficent,en,90.8,11427,7.1
791,The Angry Birds Movie 2,en,98.499,1221,7.2
792,John Wick: Chapter 4,en,86.117,0,0.0
793,Men in Black 3,en,92.582,8688,6.5
794,Season of the Witch,en,90.781,1970,5.4
795,America: The Motion Picture,en,82.091,146,5.8
796,The Grandmother,es,88.74,6,6.9
797,Tarzan,en,91.734,5458,7.4
798,Under Wraps,en,81.345,49,6.8
799,Limitless,en,91.224,8800,7.2
800,A Bug's Life,en,94.017,7465,7.0
801,Bruised,en,73.327,264,7.0
802,The Croods,en,93.352,5833,6.9
803,Baba Yaga: Terror of the Dark Forest,ru,91.92,172,6.0
804,Brother Bear,en,108.941,4403,7.2
805,Ralph Breaks the Internet,en,92.489,6041,7.2
806,Naruto Shippuden the Movie: The Will of Fire,ja,100.176,291,7.2
807,House of Wax,en,88.861,2307,5.9
808,Beverly Hills Chihuahua,en,79.352,832,5.3
809,The Banishing,en,77.014,54,5.5
810,Hitman: Agent 47,en,94.283,2463,5.8
811,Confessions of a Shopaholic,en,76.829,2248,6.4
812,Avatar 2,en,82.388,0,0.0
813,Resort to Love,en,86.389,294,7.4
814,Naruto to Boruto: The Live 2019,ja,92.943,20,6.6
815,The King's Avatar: For the Glory,zh,96.622,18,6.9
816,Super 8,en,87.746,5549,6.7
817,The Passion of the Christ,en,95.285,3262,7.4
818,Being the Ricardos,en,129.152,222,6.6
819,Life in a Year,en,93.02,947,8.4
820,I Want to Eat Your Pancreas,ja,91.378,926,8.3
821,An Interview with God,en,79.724,193,7.1
822,Thinking XXX,en,90.569,71,5.0
823,The Emperor's New Groove,en,100.529,5317,7.5
824,Fat Ass Zombies,en,88.966,43,4.8
825,Shanghai Fortress,zh,87.599,81,5.6
826,Just Say Yes,nl,75.188,168,6.7
827,Trolls World Tour,en,89.793,1708,7.4
828,Shrek Forever After,en,87.269,5782,6.3
829,The New Mutants,en,82.095,2532,6.3
830,Despicable Me 3,en,85.442,5854,6.4
831,Halo: Landfall,en,77.166,19,5.9
832,The Mortal Instruments: City of Bones,en,80.091,3951,6.4
833,The Princess and the Frog,en,93.659,4304,7.1
834,Spider-Man 2,en,85.875,12203,7.2
835,One Piece Film: Z,ja,93.303,370,7.5
836,The Purge,en,77.886,7047,6.3
837,City Under Siege,cn,79.697,39,4.9
838,The A-Team,en,85.513,3786,6.4
839,Meet Joe Black,en,100.701,3756,7.2
840,Beverly Hills Chihuahua 3: Viva la Fiesta!,en,86.499,196,6.3
841,The Equalizer,en,83.996,7040,7.2
842,The Human Centipede (First Sequence),en,116.241,1632,5.2
843,Containment,en,65.733,143,6.0
844,The Hand of God,it,96.716,915,7.8
845,Is It Wrong to Try to Pick Up Girls in a Dungeon?: Arrow of the Orion,ja,83.935,155,7.8
846,Terminator: Dark Fate,en,94.189,3905,6.5
847,Bambi,en,99.61,4588,7.0
848,No Sudden Move,en,90.978,361,6.4
849,Looking Back at it All: The Dragon Ball Z Year-End Show!,ja,78.623,23,7.0
850,Together Together,en,75.234,68,6.9
851,The Grinch,en,94.691,2889,6.8
852,John Wick,en,77.291,15302,7.4
853,HK: Hentai Kamen 2 - Abnormal Crisis,ja,79.32,47,6.5
854,Star Wars,en,97.601,16668,8.2
855,A Classic Horror Story,it,69.989,594,6.0
856,Skyfall,en,87.004,13228,7.2
857,The Sorcerer and the White Snake,zh,88.141,182,6.2
858,A Quiet Place,en,91.388,11259,7.4
859,Operation Merry Christmas: The Elf Con,es,75.629,23,7.4
860,Hidden Figures,en,82.228,7481,8.1
861,TRON: Legacy,en,90.547,5868,6.4
862,Stan Helsing,en,82.293,357,4.3
863,Shutter Island,en,75.579,19342,8.2
864,Saw,en,85.722,7193,7.4
865,Sicario,en,91.975,6725,7.4
866,50 Greatest Harry Potter Moments,en,81.51,48,8.2
867,The Little Things,en,92.045,1463,6.4
868,The Secret Life of Pets 2,en,87.013,2397,7.0
869,The Dark Knight,en,86.841,26791,8.5
870,Spirited Away,ja,91.185,12403,8.5
871,White House Down,en,88.784,3921,6.4
872,Yes Man,en,77.974,5476,6.6
873,101 Dalmatians,en,92.205,2742,5.9
874,Corpus Christi,pl,75.205,362,7.8
875,Women,en,78.304,17,6.0
876,Sugar Daddy,en,71.923,21,6.4
877,The Medium,en,63.627,5,4.4
878,I Am Legend,en,89.165,12949,7.2
879,Kids Are Back,fr,75.647,39,5.1
880,Child's Play,en,79.944,2116,6.6
881,Money Heist: The Phenomenon,es,85.196,961,7.5
882,Fifty Shades of Black,en,85.119,1129,4.9
883,The Voyeurs,en,86.723,368,6.8
884,CODA,en,127.344,484,8.2
885,Creed,en,78.07,5802,7.4
886,Hercules,en,104.458,6008,7.5
887,The Mask,en,69.197,8165,6.9
888,The SpongeBob SquarePants Movie,en,78.755,2212,6.9
889,Dragon Ball Z Special 9 - Future Trunks Special,ja,86.492,98,7.6
890,Godzilla: King of the Monsters,en,95.203,4643,6.7
891,xXx: Return of Xander Cage,en,90.291,5253,5.8
892,Beauty and the Beast,en,85.882,13927,7.0
893,Believe Me: The Abduction of Lisa McVey,en,87.468,300,8.2
894,Cencoroll Connect,ja,70.058,10,7.1
895,Bride of Chucky,en,80.985,1357,5.9
896,Suicide Squad,en,86.163,18445,5.9
897,Wonder Woman,en,85.438,17350,7.3
898,Here Today,en,69.917,88,7.3
899,Single All the Way,en,79.633,225,6.5
900,The Godfather,en,83.034,15454,8.7
901,Total Recall,en,74.667,4570,6.0
902,Star Trek,en,81.445,8371,7.4
903,Aftermath,en,83.39,388,6.5
904,Kung Fu Panda 3,en,78.895,4525,6.9
905,The Great Wall,en,71.343,4164,5.9
906,Wild Card,en,80.326,1422,5.6
907,Xico's Journey,es,76.136,83,6.8
908,Tune in for Love,ko,85.574,176,7.9
909,Divergent,en,88.639,11035,6.9
910,Red Dot,sv,78.096,569,5.9
911,Lockout,en,70.292,1486,5.9
912,Dog Years,it,92.368,82,6.2
913,22 Jump Street,en,82.788,6758,6.8
914,Intrusion,en,70.916,389,6.1
915,The Mad Hatter,en,70.479,47,5.8
916,Titane,fr,100.951,564,6.5
917,Batman Begins,en,85.652,17201,7.7
918,Now You See Me,en,75.3,13389,7.4
919,Drive,en,77.824,10072,7.6
920,Kung Fu Panda 2,en,76.115,5411,6.9
921,The Nightmare Before Christmas,en,76.653,7328,7.8
922,Howl's Moving Castle,ja,78.938,7059,8.4
923,Finding Grace,en,69.908,15,6.3
924,Brave,en,85.076,11275,7.0
925,God's Not Dead: A Light in Darkness,en,83.126,141,6.9
926,Dragon Ball Z: Lord Slug,ja,82.161,379,6.3
927,Deep,th,72.193,65,6.4
928,Revolution: Los Polinesios,es,72.774,2,4.3
929,Zog and the Flying Doctors,en,71.822,13,7.1
930,Slate,ko,78.073,6,5.5
931,Rambo: Last Blood,en,84.621,2925,6.5
932,The Kids Are Alright: Destination Asturias,es,66.125,40,4.8
933,Maquia: When the Promised Flower Blooms,ja,80.791,424,8.3
934,Exodus: Gods and Kings,en,85.519,3850,5.8
935,The Human Centipede 2 (Full Sequence),en,108.322,992,4.8
936,The Remaining,en,84.816,250,5.5
937,Brian Banks,en,64.821,123,7.3
938,"Happy Halloween, Scooby-Doo!",en,82.674,179,8.0
939,Over the Moon,en,72.322,1021,7.4
940,Crystal Skulls,en,67.104,20,4.8
941,"Curious George: Go West, Go Wild",en,86.296,84,6.2
942,Attack on Titan II: End of the World,ja,89.234,210,5.8
943,Deep Blue Sea 3,en,67.007,194,6.0
944,Lilo & Stitch,en,95.52,4855,7.5
945,The Forgotten Battle,nl,73.091,333,7.2
946,Viking Quest,en,79.426,24,4.6
947,Blade Runner 2049,en,84.258,10406,7.5
948,Phineas and Ferb: The Movie: Candace Against the Universe,en,84.379,283,7.5
949,How to Train Your Dragon 2,en,85.358,7904,7.7
950,The Princess Switch 3: Romancing the Star,en,83.356,268,7.0
951,Overcomer,en,84.184,173,7.8
952,Barbie: Princess Adventure,en,84.446,181,7.4
953,Split,en,80.912,14658,7.3
954,10.0 Earthquake,en,74.238,86,4.8
955,A Walk Among the Tombstones,en,69.722,2330,6.3
956,Godzilla,en,74.537,7416,6.3
957,Blood Red Sky,de,72.169,1055,7.1
958,Lucy,en,82.672,13805,6.4
959,Cowboys & Aliens,en,74.113,4207,5.6
960,Rambo,en,74.335,2936,6.6
961,The Texas Chain Saw Massacre,en,84.026,2215,7.3
962,War of Likes,es,70.625,224,7.8
963,A Haunted House,en,84.82,1378,5.7
964,Texas Chainsaw 3D,en,85.059,1209,5.5
965,One Hundred and One Dalmatians,en,82.246,5130,7.2
966,Dumbo,en,83.995,4036,7.0
967,Annabelle: Creation,en,70.543,4627,6.6
968,Captain America: The Winter Soldier,en,75.007,15685,7.7
969,The Jungle Book,en,83.69,5158,7.3
970,The Other Guys,en,71.987,3292,6.3
971,Creed II,en,88.697,4069,6.9
972,The Incredible Hulk,en,100.115,9474,6.2
973,Cars,en,75.856,11308,6.9
974,Miss Peregrine's Home for Peculiar Children,en,83.854,8533,6.8
975,The Curse of La Llorona,en,71.947,1838,5.7
976,Wrong Turn 4: Bloody Beginnings,en,83.929,769,5.7
977,How to Train Your Dragon: The Hidden World,en,84.425,4948,7.8
978,Black Fox,ja,77.983,20,7.0
979,Go! Go! Cory Carson: Chrissy Takes the Wheel,en,69.925,13,6.0
